ID,Title,Location,Salary,Summary
https://kr.indeed.com/viewjob?jk=88fb979d0cd4b4c1,[Travel & Teach in Korea] Hiring 2020 Su...,One-Stop Prep 서울 신사동,,provided after successful completion of contracted term. [Housing Support] Company will provide housing stipend...
https://kr.indeed.com/viewjob?jk=5f5d6f9fab4fda7e,"Sales Manager, Genetic Sciences & Clinical NGS Division (GSD...",Thermo Fisher - APAC 3.5 서울,,team leadership. Take lead to develop creative long- term and short- term sales strategies. Demonstrate strong analytical...
https://kr.indeed.com/viewjob?jk=7f783ad9eae82b6f,Sales Account Manager,Philips 4.0 서울,,strategy and actions are set to meet the short- and long term goals. Participates... definition and implementation...
https://kr.indeed.com/viewjob?jk=c2d0db96627c0f98,"[Ralph Lauren Korea] FP&A Team, Financia...",Ralph Lauren 서울,,Long Range Plan to achieve company strategic goal in long term view - Frequent communication with business function to drive...
https://kr.indeed.com/viewjob?jk=5df34b9a5d61397d,HR Director,Thermo Fisher - APAC 3.5 서울,,retaining the top talent required for short and long- term business success. Responsibilities: Serve as HR Business Partner...
https://kr.indeed.com/viewjob?jk=cd9512c10b85d53a,Digital Channel Specialist,Sanofi 4.1 서울,,insight by utilizing analytical tools to develop mid and long term strategy including CH ROI analysis Develop and manage...
https://kr.indeed.com/viewjob?jk=57d51582598a301e,Technical Sales Specialist (Cell Culture...,Thermo Fisher Scientific 3.5 서울,,opportunities for near- term revenue gains... portfolio to build a foundation for long term growth. Drives existing funnel...
https://kr.indeed.com/viewjob?jk=d3449cd6ee113c32,2020-03 Recruitment Announcement for Res...,기초과학연구원 울산,,ends... expiration... employment contract. Employment term is under maximum five years. ㅇ (분야1) - 분야 : Synthetic...
https://kr.indeed.com/viewjob?jk=5ad2ea0313301e31,New Business Developer,Glass Substrates for TFT-LCDs 대한민국,,development of technology and capabilities to support the long term needs... business -Collaborate... business unit...
https://kr.indeed.com/viewjob?jk=f6cf4aa3581812e7,"BASES Client Development Lead, Korea",Nielsen 3.8 서울,,"does not have direct people responsibility... immediate term... senior member... team, the incumbent is expected..."
https://kr.indeed.com/viewjob?jk=249ddd7807ea0295,"Sales - Business Sales Advisor, Korea",Tesla 서울,,"contact for fleet management, corporate clients, short- term/long- term rental and mobility industry like taxi. • Stimulate..."
https://kr.indeed.com/viewjob?jk=e6662326a6c95612,Cloud Solution Architect,Microsoft 4.2 서울,,"AA/AI roadmaps, and ensure long term technical viability of new deployments... who drive long- term cloud adoption within..."
https://kr.indeed.com/viewjob?jk=cbcfc9595b8169e0,Talent Engagement Manager,Diageo 4.0 서울,,working options available Worker Type : Fixed Term Contract (Fixed Term) Primary Location: Seoul Office Additional...
https://kr.indeed.com/viewjob?jk=47aa543729a34682,Business Development Manager South Korea,indaHash 서울,,using its portfolio of digital influencers Executing short- term strategic goals together... Team to grow business...
https://kr.indeed.com/viewjob?jk=8ba9dcfb3308bf69,Driver Trainer,Daimler 서울,,acquire qualification of driver training - Develope long- term strategy for improved training quality by action plan...
https://kr.indeed.com/viewjob?jk=ebbaa7a477afd315,Sr. DOD Network Engineer,SAIC 서울,,"audio communication activities. Prepares the analysis of short/long term capacity needs for switching, routing transmission..."
https://kr.indeed.com/viewjob?jk=e91a6e4e8e2982ad,C&A & Digital Direct Sales Representativ...,Electrolux 3.8 대한민국,,"development of them. Develop, build & maintain strong and long term relationship with digital customers. Close communication..."
https://kr.indeed.com/viewjob?jk=419692b3ddb34768,Analytics Specialist,MightyHive 서울,,technology solutions to drive long- term value... role focuses... design... roadmap for long- term Customer Analytics...
https://kr.indeed.com/viewjob?jk=c1bf71bae98a24f0,"Principal, Program Management (Marketpla...",Coupang 3.1 서울,,"Business owners, striving to drive long term, sustainable growth. You will identify... short and long term. Build and audit..."
https://kr.indeed.com/viewjob?jk=5c691acc6c824048,Country Financial Controlling & Tax Mana...,IKEA 3.9 서울,,"value for money in reaching business objectives and long term profitable growth • good understanding of data science, new..."
https://kr.indeed.com/viewjob?jk=023f99d4bf0cf583,Ecommerce Key Account Manager,LEGO 서울 강남구,,Lead account business plan including short to long- term strategy setting for own-account • Own account KPI management...
https://kr.indeed.com/viewjob?jk=41b068cf618e90e2,Regional Sales Manager,Silatronix 대한민국,,applications engineering team Ability to manage long term sales process through highly complex organizations Strategic...
https://kr.indeed.com/viewjob?jk=bf04b9042e3a74d6,Accounts Receivable Accountant,ResMed 서울,,quarterly credit limit and payment term reports to ascertain whether customer... critical for long term success. Joining...
https://kr.indeed.com/viewjob?jk=211bddf00ee5971c,Board Of Director Member @ Harvard Innov...,Ignite Mental Health 서울,,via video conference call. Board term Board Members will serve a one (1) year term... eligible for re-appointment...
https://kr.indeed.com/viewjob?jk=b158fe73414fe1ce,"Technical Sales Specialist (Cell Culture & Cell Therapy), BP...",Thermo Fisher - APAC 3.5 서울,,opportunities for near- term revenue gains... portfolio to build a foundation for long term growth. Drives existing funnel...
https://kr.indeed.com/viewjob?jk=568dae016344ff1d,RISE Education Korea - Positions,Rise Korea 대한민국,,methods. New teachers will have opportunities to practice... teaching skills and gain confidence before starting the term.
https://kr.indeed.com/viewjob?jk=9cbd4b1cf87d8e2a,Digital Operations Manager,외국계 Retail기업 서울,"연봉 60,000,000원 - 90,000,000원","hands... ability to think strategic/long- term, but also roll-up your sleeves and get... done. -Most..."
https://kr.indeed.com/viewjob?jk=7e77298b29ffdff1,SAP HCM (SuccessFactors) Project Manager,Presence of IT 서울,,"Japanese language. (written and verbal). Presence... seeks applicants interested in long- term, permanent opportunities."
https://kr.indeed.com/viewjob?jk=1b891ce54e2a4e1a,Senior Principal Account Management (Fas...,Coupang 3.1 서울,,core sales organization. * One who can develop long- term strategic relationships with key accounts. * One who can ensure...
https://kr.indeed.com/viewjob?jk=ac1f12020b6b0e78,Global Strategic Account Manager (Intern...,Merck KGaA 서울,,customer centric solutions that position as a critical long term partner... accounts. Coordinate with Account Manager...
https://kr.indeed.com/viewjob?jk=02315cdb071d18fd,"Program Manager, Business Operations - S...",Airbnb 서울,,discussions and present on country-level short and long term strategy. * Support South Korea team in planning and budget...
https://kr.indeed.com/viewjob?jk=e83536afec0b70ce,FSE Daegu,bioMerieux 대구,,"choosing to join an innovative company... long term vision, committed... service of public health and carried out..."
https://kr.indeed.com/viewjob?jk=2f626c6537ac23b3,"Technical Solutions Specialist, Service...",Cisco Systems 4.1 서울,,while allowing local account team to maintain long- term ownership. In-depth industry knowledge... appropriate technology...
https://kr.indeed.com/viewjob?jk=5f18a09415a73500,Head of Samsung- Amazon Web Services,Amazon Web Services Korea LLC 서울,,studies. · Manage contract negotiations. · Develop long- term strategic relationships with key accounts. · Ensure customer...
https://kr.indeed.com/viewjob?jk=1f3822fb621e26f7,Intern - Science and Technology,United Nations ESCAP 인천,,commission of any... acts. The term “sexual exploitation” means any actual... conditions. The term “sexual harassment...
https://kr.indeed.com/viewjob?jk=5d738b8197db4392,Director Program management,Coupang 3.1 서울,,minimize downside risk... ability to resolve long term problems. Preferred: * Preferred Bilingual in Korean and English...
https://kr.indeed.com/viewjob?jk=8f6b847e044ebc2a,Agency Partnership Manager,Bytedance 서울,,"intelligence, to provide wide and also deep report, for long term partnership business strategy.Cross Team Collaboration..."
https://kr.indeed.com/viewjob?jk=4386c27c77899753,"Channel Director, Special Trade",Energizer 서울,,"vision, and long- term objectives. Ensure... distributors or vendors to ensure long term partnership that promotes sales growth..."
https://kr.indeed.com/viewjob?jk=14776ba4c748cf8d,Account Executive,Dynatrace 서울,,Dynatrace team. Manage the balance between short- term gain and long- term growth for all opportunities and initiatives...
https://kr.indeed.com/viewjob?jk=fa4c3f2053569bae,TensorFlow Technical Program Manager,Google 4.3 서울,,"Define all workstreams and engineering work, including longer- term research initiatives for APAC. Establish communication..."
https://kr.indeed.com/viewjob?jk=ed283a91d9c4443a,"Data Center Field Engineer, Seoul",Equinix 서울,,you are looking to join a company that can offer long term career opportunities on a global scale backed by a positive...
https://kr.indeed.com/viewjob?jk=eae0e3cdd066bcce,Sr. Customer Success Manager,Slack 서울,,"like pilot engagements to set up a customer for long term success. Part coach, project manager, consultant and product..."
https://kr.indeed.com/viewjob?jk=b20be31cc9542d65,(Senior) Sales Development Specialist -...,Merck KGaA 서울,,solution selling to meet/exceed annual sales target. - Champion long term project planning activities through the leveraging...
https://kr.indeed.com/viewjob?jk=74f0a8d6a48aad7f,Business Development Manager,cargo-partner 서울,,sales areas vice versa To monitor risk management and payment term agreements To publish the system partners in all areas...
https://kr.indeed.com/viewjob?jk=d977db37126b57e3,[Travel and Teach in Korea!] 2020 Summer...,One-Stop Prep 서울 신사동,,provided after successful completion of contracted term. [Housing Support] Company will provide housing stipend...
https://kr.indeed.com/viewjob?jk=c60e7d0e0b393686,"Field Sales Representative, Enterprise,...",Google 4.3 서울,,"relationships with enterprise customers. Influence long- term strategic direction, and serve as a business partner. Negotiate..."
https://kr.indeed.com/viewjob?jk=75ca273978dbd638,"Head of Cloud Partners and Alliances, Go...",Google 4.3 서울,,term direction and results. Work collaboratively... rest of Google Cloud and other Google teams in delivering long- term...
https://kr.indeed.com/viewjob?jk=cd5f59fe4eb39fc6,EPC Sales Specialist - Chemical industry,ABB 4.0 서울,,designated market in accordance with Strategy. Build long term customer relationships and manage resolution to specific...
https://kr.indeed.com/viewjob?jk=77d13fc8a8451307,"NSX Account Executive, Korea",Dell 4.0 서울,,"building a community where great people want to work long term by living our values of passion, innovation, execution..."
https://kr.indeed.com/viewjob?jk=358d6b1499cc704c,"AEC Industry Sales Manager, Korea",Autodesk 4.1 서울,,short and long- term goals and quotas... Establish and sustain effective long- term customer relationships Assist reseller...
https://kr.indeed.com/viewjob?jk=e12ff6d3ad8f23e2,Senior Application Engineer,Danfoss 서울,,product’s reliability in customer’s system Build long term relationship with customer’s R&D team Support R&D/Marketing...
https://kr.indeed.com/viewjob?jk=2fbd99743e7e9815,[2020 Summer in Korea] Intensive Summer...,One-Stop Prep 서울 신사동,,provided after successful completion of contracted term. [Housing Support] Company will provide housing stipend...
https://kr.indeed.com/viewjob?jk=a6322085c9b20b63,Head of Greenfield,Amazon Web Services Korea LLC 서울,,immediate issues our clients are facing but also... long term business needs... result we’re looking for someone who...
https://kr.indeed.com/viewjob?jk=a4dbc9db013bfaa6,Sr. Dept Manager,聯發科技 경기도 성남,,strategic approach and maintain on-going biz for long- term partnership with clients. 3. Support all aspects of sales...
https://kr.indeed.com/viewjob?jk=8207b89d2720213f,Salesforce Developer,IQVIA 서울,,"time, costs and results Define and implement long- term technical architectures / integrations - sustainable - scalable..."
https://kr.indeed.com/viewjob?jk=5df34b9a5d61397d,HR Director,Thermo Fisher - APAC 3.5 서울,,retaining the top talent required for short and long- term business success. Responsibilities: Serve as HR Business Partner...
https://kr.indeed.com/viewjob?jk=fd0e84d27807cc0c,Marketing Manager,The Clorox Company 서울,,sales. Key Responsibilities Develop short and long term brand marketing strategy and localized growth idea for Korea market...
https://kr.indeed.com/viewjob?jk=7a7191a059f13b29,"Manager, Digital Operations Manager",lululemon athletica 서울,,"love... hands... ability to think strategic/long- term, but also roll-up your sleeves and get s*** done. Most..."
https://kr.indeed.com/viewjob?jk=6e62800deede703c,"3 Months Bank Contractor, Global Investm...",Bank of America 3.8 서울,,"Our Business Global Investment Banking focuses on building long- term relationships with more than 3,000 large corporations..."
https://kr.indeed.com/viewjob?jk=b844c505101f216b,Sales Specialist,ABB 4.0 서울,,designated market in accordance with Strategy. Build long term customer relationships and manage resolution to specific...
https://kr.indeed.com/viewjob?jk=b969c052eb7d4c05,Associate Director of Segment Developmen...,Merck KGaA 서울,,customers... pursuit of building and sustaining long term relationships and having sufficient market and applications...
https://kr.indeed.com/viewjob?jk=682416cf4b233bb4,[2020 Summer in Korea] Hiring Instructor...,One-Stop Prep 서울 신사동,,provided after successful completion of contracted term. [Housing Support] Company will provide housing stipend...
https://kr.indeed.com/viewjob?jk=efab6d4feed3e772,Marketing Specialist (수시모집 인재풀 등록),3M 4.0 서울,,analytical skills to analyze trends or marketing data. Uses short- term planning skills when forecasting or providing guidance...
https://kr.indeed.com/viewjob?jk=6ca0e5ae9965e29d,FGDS Support Engineer,"Draeger Korea Co.,Ltd. 서울",,"publicly traded, worldwide group. The company’s long- term success is based... four key strengths of its value-driven..."
https://kr.indeed.com/viewjob?jk=91cd855fa9e6d97d,Korea Sales Manager,Lumentum Operations LLC 서울,,ensure the long- term success of our customers. You... responsible for developing the long- term relationships with your...
https://kr.indeed.com/viewjob?jk=9c4c4b555b9f02aa,[2020 Summer] Intensive Summer Program I...,One-Stop Prep 서울 신사동,,provided after successful completion of contracted term. [Housing Support] Company will provide housing stipend...
https://kr.indeed.com/viewjob?jk=a67ffcce4e3c76e7,Sales Representative II (Minimally Invas...,Medtronic 3.9 서울,,"Responsible for developing, building, and strengthening long- term relationships with stakeholders including distributors..."
https://kr.indeed.com/viewjob?jk=8ce7ee10d639f0d4,KERING AP Accountant,Groupe Kering 서울,,communicate with people at all levels. Job Type Fixed Term (Fixed Term) Start Date 2019-12-16 Schedule Full time...
https://kr.indeed.com/viewjob?jk=932581a5e29a3adf,Sales representative,Berga Recycling 서울,,support... Inside sales department. - Build long term business relationship with existing and potential accounts...
https://kr.indeed.com/viewjob?jk=3923c6dae683a553,Business Development Specialist,LOD(Language on Demand) 대한민국,,trustworthy feedback and after-sales support · Build long- term relationships with new and existing customers · Organizing...
https://kr.indeed.com/viewjob?jk=72281b56e2b93bbe,HR Director,Thermo Fisher Scientific 3.5 서울,,retaining the top talent required for short and long- term business success. Responsibilities: Serve as HR Business Partner...
https://kr.indeed.com/viewjob?jk=8ad52a2d737ee9d9,Safety Business Development Services,"Draeger Korea Co.,Ltd. 부산광역시",,"publicly traded, worldwide group. The company’s long- term success is based... four key strengths of its value-driven..."
https://kr.indeed.com/viewjob?jk=7ebdf77f890745e7,VRM ‏ (vehicle repair and maintenance) S...,Henkel 서울,,"target. Manage profitability through pricing, payment term, and product mix. Manage channel by adding, terminating..."
https://kr.indeed.com/viewjob?jk=a6930d5e4a512672,Key Account Manager,RELX Group 대한민국,,"results. You... able to establish strong, long- term customer relationships across the organisations you will manage..."
https://kr.indeed.com/viewjob?jk=b340d47c313e7bce,Consultant - McKinsey Implementation,McKinsey & Company 4.3 서울,,recommendations... role your primary long- term projects... closely related to our traditional projects...
https://kr.indeed.com/viewjob?jk=dc0a3b619cf4bd5d,Learning & Development Specialist,볼보그룹코리아 창원 성산구,,needs and business goal • Update VGK HRD Structure and Long- term plan of Leadership & Functional Competence program(OW/IW...
https://kr.indeed.com/viewjob?jk=8e5ba82ba5ed04bc,Head of Sales North Asia,RELX Group 대한민국,,"defining, developing and delivering on short- and long- term commercial strategies to address key market opportunities..."
https://kr.indeed.com/viewjob?jk=875af33be8be63b0,[2020 Summer in Korea] Summer Program Te...,One-Stop Prep 서울 신사동,,provided after successful completion of contracted term. [Housing Support] Company will provide housing stipend...
https://kr.indeed.com/viewjob?jk=a6831b03632b7d50,Manager Engagement,Philip Morris International 4.3 서울,,targeting employees with an understanding of company’s long term vision and annual objective based on employee insights. Once...
https://kr.indeed.com/viewjob?jk=1117329dce02eb44,"Director, Consumer Sales",Harman International 서울,,"mid-long term strategy and business... management, Successful NPI, Short term and mid-long term product planning, Product..."
https://kr.indeed.com/viewjob?jk=df6c46b5370711fa,"Manager, Integration",Matrix PDM Engineering 대한민국,,reports to management at established intervals. Ensure long- term integration goals are established and consistent interaction...
https://kr.indeed.com/viewjob?jk=6f3b4979268d61f9,[Vision] Sr. Financial Analyst,Johnson & Johnson Family of Companies 4.2 서울,,"2. 계열사: 존슨앤드존슨 비젼 (Vision) 3. 근무지: 서울시 용산구 4. 근무 기간: Fixed Term [Summary] Provides accurate, timely, and meaningful..."
https://kr.indeed.com/viewjob?jk=29886255b7021d9c,"Manager, Integration",Matrix Service Company 대한민국,,reports to management at established intervals. Ensure long- term integration goals are established and consistent interaction...
https://kr.indeed.com/viewjob?jk=cbc4ac398c46597d,Area Manager - South Korea,Booking.com 서울,,"long- term plans, quantity and quality reports... accountable... long- term... internal targets and long- term growth..."
https://kr.indeed.com/viewjob?jk=41f04ba8575333b8,Account Manager single count,RELX Group 대한민국,,colleagues to share market dynamics and set short/mid/long term strategics • Make documentation for new and renewal...
https://kr.indeed.com/viewjob?jk=43b931bbc0dd222f,EMCK Quality Inspection Technician,Air Liquide 서울,,consistent performances and responsibility over the long term. Entity and activity description Air Liquide Solutions Korea...
https://kr.indeed.com/viewjob?jk=861ea66900d96ce0,Assistant Learning & Development Manager,Four Seasons 서울,,"improvement programs, and initiatives to best achieve long- term business success. Promotes a continuous learning culture..."
https://kr.indeed.com/viewjob?jk=6678f1588c885238,[IBM Korea]Security Services - SOC Manag...,IBM 3.9 서울,,"apparent security breaches •Play a significant role in long- term SOC strategy and planning, including initiatives geared..."
https://kr.indeed.com/viewjob?jk=8240fc3406a03728,"3 Months Bank Contractor, Global Equitie...",Bank of America 3.8 서울,,"Our Business Global Investment Banking focuses on building long- term relationships with more than 3,000 large corporations..."
https://kr.indeed.com/viewjob?jk=b11a051d2c25506a,"Strategic Partnership Manager, Devices a...",Google 4.3 서울,,"manage partnerships to deliver results, and build long- term partner relationships with external partner managers. Identify..."
https://kr.indeed.com/viewjob?jk=ddac3de8931f04eb,원가회계 전문가 과차장급,KS Consulting 경기도 안산,,"및 Short- Term, Long- Term 사업계획수립 자격요건 및 우대사항 관리회계/원가회계 전문가 사업부별/품목별 표준원가계산 및 사후원가 분석 가능자 월별 손익분석 및 Short- Term, Long- Term 사업계획수..."
https://kr.indeed.com/viewjob?jk=8a400e7dece238a4,[IBM Korea]Security Services - SOC Manag...,IBM 3.9 서울,,"apparent security breaches •Play a significant role in long- term SOC strategy and planning, including initiatives geared..."
https://kr.indeed.com/viewjob?jk=68e8506ea67f8ace,[Travel & Teach in Korea] Instructors Ne...,One-Stop Prep 서울 신사동,,provided after successful completion of contracted term. [Housing Support] Company will provide housing stipend...
https://kr.indeed.com/viewjob?jk=add19cdd119cf678,In-Country Sales Executive - Korea,Eurocentres 대한민국,,discussions and contract negotiations Develop long- term strategic relationships with key agents Responsible to develop...
https://kr.indeed.com/viewjob?jk=ed18ae737b8e0d3f,Network Administrator - Intermediate/USA...,SAIC 서울,,"audio communication activities. Prepares the analysis of short/long term capacity needs for switching, routing transmission..."
https://kr.indeed.com/viewjob?jk=08224870b2735e14,Safety Sales / Business Developer,"Draeger Korea Co.,Ltd. 부산광역시",,"publicly traded, worldwide group. The company’s long- term success is based... four key strengths of its value-driven..."
https://kr.indeed.com/viewjob?jk=f24ad32e3892b97f,Business Development Manager,H.B. Fuller 서울,,"market trends, uncovering unmet needs, building short & long term business plans... leading the execution... business..."
https://kr.indeed.com/viewjob?jk=e883e873791d747b,Corporate Trainer for Business English,SPEP 서울,"월급 3,500,000원","SPEP Apgujeong Center, Seoul) · Short- term contract can be discussed (six month... Center, Seoul) · Short- term contract can..."
https://kr.indeed.com/viewjob?jk=75b7e59dc0ac8306,Editorial Intern,Soompi 서울 강남구,,4 major Korean insurances provided. The contract term is 6 months... position will begin ASAP. Responsibilities...
https://kr.indeed.com/viewjob?jk=502a13b3898577d7,[Sanofi/사노피] OTC Marketing Manager,사노피-아벤티스 코리아 서울 서초구,,targets. • Guide the direction of short- and long- term brand plan development. Derive clear and compelling strategy...
https://kr.indeed.com/viewjob?jk=a210a5675bdfa6e5,Business Advisor/Mentor (Advisory Board)...,Ignite Mental Health 서울,,call. Advisory Board term & time commitment Advisory Board Members serve a 6 month to 1 year term... eligible for re...
https://kr.indeed.com/viewjob?jk=2c432ea6e3ed575f,Cordis Product Specialist(서울 영업직),카디널헬스코리아 서울,,"Sales Manager, the role... responsible for developing long term positive customer relationships, which build loyalty..."
https://kr.indeed.com/viewjob?jk=ba95f473ed81f4ec,"Accelerated Growth Consultant, Google Cu...",Google 4.3 서울,,sustainable and long term strategies... develop a strategy for short to long- term sustained success. Communicate...
https://kr.indeed.com/viewjob?jk=130db32b49170a56,Associate (2020 Intake),AlphaSights Ltd. 서울,,getting... aware of how AlphaSights fits with your longer term goals Commercially driven – desire to develop sales...
https://kr.indeed.com/viewjob?jk=54f5f80f45d1e043,Solutions Architect - AMAZON Web Service...,Amazon Web Services Korea LLC 서울,,managers within your larger organization when discussing mid- term customer strategy and architectural best practices · We...
https://kr.indeed.com/viewjob?jk=5f5d6f9fab4fda7e,"Sales Manager, Genetic Sciences & Clinical NGS Division (GSD...",Thermo Fisher - APAC 3.5 서울,,team leadership. Take lead to develop creative long- term and short- term sales strategies. Demonstrate strong analytical...
https://kr.indeed.com/viewjob?jk=699627b39b437be3,"Account Executive, Database",Amazon Web Services Korea LLC 서울,,referrals and references accounts by building long- term strategic relationships with key accounts. · Manage and maintain...
https://kr.indeed.com/viewjob?jk=ec24a89eb6358425,Director Brand Management (Fresh Food)-...,Coupang 3.1 서울,,use trends and competitive analysis to define and implement long term business strategies. Qualifications: * Proven manager...
https://kr.indeed.com/viewjob?jk=0b2c805fab9c4786,Lead Sales Specialist - Account Sales,GE Healthcare 부산,,responsible for managing the long- term success of GE’s relationship with an... NPS. • Build long term strategic alliance...
https://kr.indeed.com/viewjob?jk=f0fcff73151fc4dd,"Sales Manager, Genetic Sciences & Clinic...",Thermo Fisher Scientific 3.5 서울,,team leadership. Take lead to develop creative long- term and short- term sales strategies. Demonstrate strong analytical...
https://kr.indeed.com/viewjob?jk=ba94bf6fea8adc66,"Hiring Nationwide - Start May - PreK-K,...",Chung Dahm Learning 4.0 대한민국,,class on average) • All contracts... minimum one-year term • E2 sponsorship • housing assistance Requirements...
https://kr.indeed.com/viewjob?jk=5df34b9a5d61397d,HR Director,Thermo Fisher - APAC 3.5 서울,,retaining the top talent required for short and long- term business success. Responsibilities: Serve as HR Business Partner...
https://kr.indeed.com/viewjob?jk=92f04fc62c6d6a7a,"Technical Solutions Consultant, Android...",Google 4.3 서울,,"maintain relationships with our long- term partners who are making Android TV... successful, long- term partnerships. Your..."
https://kr.indeed.com/viewjob?jk=51b01ccc49d7488e,Theme Park Business Developer,Theme Park N Attractions 경기도 용인,,"multi-national amusement/theme park companies Contract Term: 2yrs, but renewable. Compensation: Very competitive (Negotiable..."
https://kr.indeed.com/viewjob?jk=c7cabce66eb97b91,자동차 애프터마켓 Sales Manager,허브커리어 서울 강남구,,"target. - Manage profitability through pricing, payment term, and product mix. - Manage channel by adding, terminating..."
https://kr.indeed.com/viewjob?jk=2fb23b73423d4dd2,외국계은행 FI RM Head 채용,외국계은행 서울 중구,,all documentation: reviewing and executing bilateral term loan agreement and etc. - Monitors each credit... transaction...
https://kr.indeed.com/viewjob?jk=b0c2293e83c9f15a,Solutions Architect II - AWS Korea,Amazon Web Services Korea LLC 서울,,managers within your larger organization when discussing mid- term customer strategy and architectural best practices · We...
https://kr.indeed.com/viewjob?jk=2694361875303da7,INTERN - INFORMATION SYSTEMS & COMMUNICA...,United Nations 인천,,commission of any... acts. The term “sexual exploitation” means any actual... conditions. The term “sexual harassment...
https://kr.indeed.com/viewjob?jk=42faf8cfce51c82e,외국계은행 FI RM 채용,외국계은행 서울 중구,,"Executes each credit transactions, Bilateral Term loan, Syndicated or Club Term Loan, Private or Public Samurai Bond, FRN..."
https://kr.indeed.com/viewjob?jk=b02d7d232db6e4a3,PhD Student in Food microbiology_Food Ch...,Ghent University Global Campus 인천,,"contract, renewable (2 years), on condition... previous term was given a positive evaluation Degree: Master degree..."
https://kr.indeed.com/viewjob?jk=5a0bb370d2722a7f,"Enterprise Account Executive, Seoul",Commvault 서울,,"satisfaction on a long- term multi-year... drive a prospect to healthy, long- term relationships. Control and orchestrate..."
https://kr.indeed.com/viewjob?jk=061f20c1a8af71f2,Managing Director Korea,eTec Consult 서울,,Administration... sound technical understanding Long- term experience in sales and key account management Good knowledge...
https://kr.indeed.com/viewjob?jk=96aac41bdafc1b3e,분석 & 이코노미 팀장 / Analytics & Economy Team...,Bagelcode 서울,,game experience. Design new features that improve long- term player satisfaction and provide more monetization opportunities...
https://kr.indeed.com/viewjob?jk=c8c1170d9223bb41,"Partner Enterprise Service Manager, AWS...",Amazon Web Services Korea LLC 서울,,develop a long term Professional Services... someone who is passionate about: · Long term development of Global Organizations...
https://kr.indeed.com/viewjob?jk=b158fe73414fe1ce,"Technical Sales Specialist (Cell Culture & Cell Therapy), BP...",Thermo Fisher - APAC 3.5 서울,,opportunities for near- term revenue gains... portfolio to build a foundation for long term growth. Drives existing funnel...
https://kr.indeed.com/viewjob?jk=8721af41ec7d21b1,Senior Solution Sales Executive-ARIBA,SAP 4.3 서울,,"passionate about customer success, customer delight, and long- term customer relationships Outcome focused... role..."
https://kr.indeed.com/viewjob?jk=015ab75b462fa703,INTERN - GRAPHIC DESIGN [Temporary],United Nations 인천,,commission of any... acts. The term “sexual exploitation” means any actual... conditions. The term “sexual harassment...
https://kr.indeed.com/viewjob?jk=3f6901b8724d2282,외대어학원영어강사 충원(면접시교통비지급),(주)대구외대어연 대구 북구,"연봉 24,000,000원","있습니다. 휴 가: 여름휴가, 겨울휴가가 주말 포함 각각 5일정도 제공됩니다. 주중휴가: 수요일 기준 Mid- Term, Final Test 기간을 이용하여 연차별로 휴가가 제공 될 수 있습니다. 연차휴가: 장기근무자에게..."
https://kr.indeed.com/viewjob?jk=bc574835bd1c81f4,IoT/AR Solution Sales Rep.,PTC 서울,,Build high level executive/SVP relationship sales long term partnership Skills and knowledge most relevant... job: 5+...
https://kr.indeed.com/viewjob?jk=8e91557acf1a3f72,2020-3 Recruitment Announcement for Rese...,기초과학연구원 대전,,contract period shall not exceed seven years (the initial term of employment... exceed 5 years... tenure-track...
https://kr.indeed.com/viewjob?jk=409cc25563c9082e,외국계은행 cash Management 채용,은행 대전 중구,,[담당업무] - Cash Management e-banking non-STP payments - Term deposit placement & settlement - Cash internal & external...
https://kr.indeed.com/viewjob?jk=43bf0c7e2b10e9b5,Operations Manager (운영팀장) - 한국,Beam 서울,,highly adaptable candidate who is able to switch between long- term strategic initiatives one moment and pivot into rapid...
https://kr.indeed.com/viewjob?jk=b11d9af3d34f7fef,Technical & Solution Sales Support,Ericsson 서울,,Support Key Account Managers in generating short and long- term profitable business for Ericsson by working closely as CSR...
https://kr.indeed.com/viewjob?jk=5f4203721fc83124,Project Director,Maxim Recruitment 서울,,"selected candidate is initially appointed... certain amount of term (a few month) in Seoul Office, however... event..."
https://kr.indeed.com/viewjob?jk=71162525b0c86e88,Intern - Information Systems & Communica...,United Nations ESCAP 인천,,commission of any... acts. The term “sexual exploitation” means any actual... conditions. The term “sexual harassment...
https://kr.indeed.com/viewjob?jk=5df34b9a5d61397d,HR Director,Thermo Fisher - APAC 3.5 서울,,retaining the top talent required for short and long- term business success. Responsibilities: Serve as HR Business Partner...
https://kr.indeed.com/viewjob?jk=525c8665bc5de15b,"KR_HP_Medicine_Medical Affairs Lead, Hea...",Boehringer Ingelheim 4.1 대한민국,,"humans and animals... family owned company, we focus on long term performance. We are powered by 50,000 employees globally..."
https://kr.indeed.com/viewjob?jk=c193cd080feadd8c,"SMB Account Manager, Korea",Salesforce 서울,,"Executives, Partners etc. Generate short term results whilst maintaining a long term perspective to maximize overall revenue..."
https://kr.indeed.com/viewjob?jk=462a981072ad5f29,Linux Sales Representative,Oracle 3.8 서울,,"exceeding the long term territory revenue... eco-system, Building the basis for long term future success · Team work and team..."
https://kr.indeed.com/viewjob?jk=32293bc9a2679c27,Financial Counselor SFL-TAP,YORKTOWN SYSTEMS GROUP INC 대한민국,,expenditures and recommendations for short- and long- term actions to achieve financial goals. Assist clients in managing...
https://kr.indeed.com/viewjob?jk=8880b88a8e8b22d8,Director of Sales and Partnership - Edge...,Ericsson 서울,,Partnership to secure short and long- term profitable business for Edge Gravity... manage long- term sales cycles 학력: 경영학 혹은...
https://kr.indeed.com/viewjob?jk=7d4da9c603ad92e8,Culture Marketing Manager „With Distribu...,Dongsuh Beverage Co. Ltd. 서울,,leverage international projects and programmes.Establish and run long- term culture and music platforms as stand-alone or part...
https://kr.indeed.com/viewjob?jk=0082e0482446e47f,"Head of Business Development, Korea",Uber 서울,,"building long- term successful... kind’ partnerships to life. Develop long term, mutually beneficial relationships..."
https://kr.indeed.com/viewjob?jk=4c86ea010597b619,"Consultant - Digital, Insurance",McKinsey & Company 4.3 서울,,leading role... project teams... short to medium term. You will also play a key role in our internal initiatives...
https://kr.indeed.com/viewjob?jk=b158fe73414fe1ce,"Technical Sales Specialist (Cell Culture & Cell Therapy), BP...",Thermo Fisher - APAC 3.5 서울,,opportunities for near- term revenue gains... portfolio to build a foundation for long term growth. Drives existing funnel...
https://kr.indeed.com/viewjob?jk=930122c5d8155fc3,License Compliance Executive,Autodesk 4.1 서울,,revenue expectation Strategically monitor and review long term goals... program and ensure campaigns are executed within...
https://kr.indeed.com/viewjob?jk=01618620f92a3135,Lead Sales Representative,Stryker 서울,,"achieve financial goals... business. Develop short- term and long- term marketing strategy, execute marketing plans through..."
https://kr.indeed.com/viewjob?jk=a229b768978e59ad,Enterprise Service Manager,Amazon Web Services Korea LLC 서울,,"large organizations, develop a long term Professional Services strategy and execute... Development of long term Cloud Strategy..."
https://kr.indeed.com/viewjob?jk=3f9d89546a2d2e6d,Consulting Engineer,Cisco Systems 4.1 서울,,"become a trusted advisor, capable of building solid, long- term relationships with customers. You... expected..."
https://kr.indeed.com/viewjob?jk=8bed4c9202b9bef2,Consumer Marketing Manager (OHC),Philips 4.0 서울,,Responsibilities] 1. Manage business Develop long- term and short- term business objective and strategy in line with global...
https://kr.indeed.com/viewjob?jk=be9cafc81b8f2313,Medical Director,Roche 서울,,"across the organization Taking a long- term perspective to engage on strategic... affiliate long- term vision, · Ensure..."
https://kr.indeed.com/viewjob?jk=42f1dd02fdadbcf9,EMCK Lab Technician,Air Liquide 서울,,consistent performances and responsibility over the long term. Entity and activity description Air Liquide Solutions Korea...
https://kr.indeed.com/viewjob?jk=a8fb36edd48e2246,Technician (Contractor),CSA Group 서울,,Employment Status: Temporary (Fixed Term) Time Type: Full time BUILDING A WORLD CLASS TEAM STARTS WITH YOU... heart...
https://kr.indeed.com/viewjob?jk=909a5c116e8de43c,DoD Network Engineer,SAIC 서울,,"audio communication activities. Prepares the analysis of short/long term capacity needs for switching, routing transmission..."
https://kr.indeed.com/viewjob?jk=9e319742bdd4ba19,Marketing Manager,Burt's Bees 서울,,sales. Key Responsibilities Develop short and long term brand marketing strategy and localized growth idea for Korea market...
https://kr.indeed.com/viewjob?jk=e09358cc2faafb2b,Customer Success Manager,Dell 4.0 서울,,"day activities, manage complex customer environments, set the long- term vision for success... an advocate... behalf..."
https://kr.indeed.com/viewjob?jk=3a95e9329f441d91,Customer Service / SCM / 2년이상 / 국내대기업 /...,서울외대스카우트 서울 중구,"연봉 35,000,000원 - 40,000,000원","시스템 오더 검증, 에러 대응m 조건 입력 (검증항목 : 가격, configuration, payment term, discount emd) - Demand Plan 작성, Backlog 현황 관리 - 고객관리 (고객 등록..."
https://kr.indeed.com/viewjob?jk=dcd9fc12df1797a2,"Paid Media/Acquisition Lead, Korea",lululemon athletica 서울,,"love... hands... ability to think strategic/long- term, but also roll-up your sleeves and get s*** done. ?? Most..."
https://kr.indeed.com/viewjob?jk=25e6afaf51b8ce7a,Account Manager,Bytedance 서울,,"Conduct regular business reviews and take a consultative, long- term approach to build productive relationships with clients..."
https://kr.indeed.com/viewjob?jk=5e8988a4e3b25313,INTERN - ENVIRONMENT AFFAIRS [Temporary],United Nations 인천,,commission of any... acts. The term “sexual exploitation” means any actual... conditions. The term “sexual harassment...
https://kr.indeed.com/viewjob?jk=e2a0d72c792f94ec,INTERN - ECONOMIC AFFAIRS [Temporary],United Nations 인천,,commission of any... acts. The term “sexual exploitation” means any actual... conditions. The term “sexual harassment...
https://kr.indeed.com/viewjob?jk=7f8f8e20adf7d6a8,Engineering Program Manager,Apple 서울,,environment. - Preference given to candidates that open to relocation or long term assignment to other Asian country.
https://kr.indeed.com/viewjob?jk=01343e50043fbd3b,tbs eFM Radio(101.3㎒) Part-time Job Open...,서울특별시 5.0 대한민국,,Openings Contract Term (Hours) Hiring... eFM radio broadcast programs... term of contract may be subject to renewal up...
https://kr.indeed.com/viewjob?jk=426ab9c0a42513ec,Public Sector Education Account Executiv...,Amazon Web Services Korea LLC 서울,,prospects in order to build long- term business opportunity. You’ll also work... Develop long- term strategic partnerships...
https://kr.indeed.com/viewjob?jk=3cf9b07c5fcbe555,Head of International Programme Support,Concern Worldwide 대한민국,,"Contract: 2 year fixed term contract Job... IDP and SAL colleagues, develop a long- term strategic plan covering institutional..."
https://kr.indeed.com/viewjob?jk=ed178f72d9b56337,INTERN - PUBLIC INFORMATION [Temporary],United Nations 인천,,"short, medium and long term as well... commission of any... acts. The term “sexual exploitation” means any actual..."
https://kr.indeed.com/viewjob?jk=96dd348cf3459893,Senior Financial Analyst,Visa 서울,,term financial targets and long- term... directly influence both near- term and long- term strategic decisions through...
https://kr.indeed.com/viewjob?jk=22a07df132f144d9,Graduate Development Program – Operation...,Henkel 충청남도 천안,,"above GB JOB ID: 20001278 Contract & Job type: Full Time, Limited Term Contact information for application-related questions..."
https://kr.indeed.com/viewjob?jk=cffd1c709d91f654,EMCK Warehouse Technician,Air Liquide 서울,,consistent performances and responsibility over the long term. Entity and activity description Air Liquide Solutions Korea...
https://kr.indeed.com/viewjob?jk=2a579f3367f703f5,Technical Support Engineer Seoul,IAR Systems 서울,,most important players... market will create long- term customer value... unique market position. Our Culture Equal...
https://kr.indeed.com/viewjob?jk=92abc99da801223b,"KR_HP_Medicine_Medical Affairs Lead, Onc...",Boehringer Ingelheim 4.1 대한민국,,"humans and animals... family owned company, we focus on long term performance. We are powered by 50,000 employees globally..."
https://kr.indeed.com/viewjob?jk=24f710d296fbaca4,Sales Rep (T1),bioMerieux 서울,,"choosing to join an innovative company... long term vision, committed... service of public health and carried out..."
https://kr.indeed.com/viewjob?jk=c1f1207ee71acfc0,Primary Teacher of Music,Dulwich College Seoul 서울,,fixed term) School Section Teaching mainly in Primary School Hours Full-time Contract Two year fixed term (maternity...
https://kr.indeed.com/viewjob?jk=b564a484a2c95ee9,Intern - Programme Management,United Nations ESCAP 인천,,commission of any... acts. The term “sexual exploitation” means any actual... conditions. The term “sexual harassment...
https://kr.indeed.com/viewjob?jk=154f4c2a4f65387a,Head of Commerical Marketing,Merck KGaA 서울,,implement digital culture to organization Driving long term growth strategy of business Build up the performing organization...
https://kr.indeed.com/viewjob?jk=4011120313bdb066,Sales Representative I – II (Cardiac and...,Medtronic 3.9 서울,,"Responsible for developing, building, and strengthening long- term relationships with stakeholders including distributors..."
https://kr.indeed.com/viewjob?jk=219fd17ef703b320,Associate (2020 Intake),AlphaSights 서울,,getting... aware of how AlphaSights fits with your longer term goals * Commercially driven – desire to develop sales...
https://kr.indeed.com/viewjob?jk=bad492a6619aeddb,Sales Executive,LATOKEN 서울,,B2B sales/marketing... entrepreneurship is a big advantage Long- term belief... future of asset tokenization Strong...
https://kr.indeed.com/viewjob?jk=4f37f0771b03be96,"Medical Affairs Head, Seoul, Korea",Takeda Pharmaceuticals 서울,,"multiple responsibilities simultaneously, mixing long- term strategic planning... urgency of immediate demands..."
https://kr.indeed.com/viewjob?jk=e7188f4fd4f39cc0,[Janssen] HR Sr. Specialist,Johnson & Johnson Family of Companies 4.2 경기도 화성,,Sr. Specialist - 근무지: 경기도 화성시 향남읍 - 근무형태: 계약직 (Fixed- term) [Responsibilities] 1) Support and consult leaders through...
https://kr.indeed.com/viewjob?jk=f693e911f3722fba,Network Engineer Sr,SAIC 서울,,"audio communication activities. Prepares the analysis of short/long term capacity needs for switching, routing transmission..."
https://kr.indeed.com/viewjob?jk=f890ac887c702273,Marketing Lead Development Representativ...,Amazon Web Services Korea LLC 서울,,"want to build your skills in marketing and sales for long term career growth? If so, come build the future of tech as part..."
https://kr.indeed.com/viewjob?jk=06178996e220d2ae,[Medical Devices] HEMA Supervisor (Healt...,Johnson & Johnson Family of Companies 4.2 서울,,he creates opportunities... long- term strategy under general supervision... 2) Develops a long- term HEMA strategy...
https://kr.indeed.com/viewjob?jk=25e3585b71181afe,HCI Sales Specialist,Hewlett Packard Enterprise 3.8 서울,,Responsibilities: Develops long term sales pipeline to increase the company's market share in specialized area. Use...
https://kr.indeed.com/viewjob?jk=0f7cbb5f2936eb56,"Services Engagement Manager, R&D Service...",Veeva Systems 서울,,need and set expectations correctly... focus on long- term success Position other Veeva Service offers (e.g. Support...
https://kr.indeed.com/viewjob?jk=fa839fed02943ef7,"Technical Specialist, Professional Servi...",Google 4.3 서울,,customers attain... business goals while building long- term capabilities. Behind every advertising campaign at Google...
https://kr.indeed.com/viewjob?jk=12492626b15ef95e,[Janssen Vaccines] Head of QC Laboratory,Johnson & Johnson Family of Companies 4.2 인천,,budget... laboratory consistent... short and long- term business plan and monitor budget. Develop capital plan...
https://kr.indeed.com/viewjob?jk=5df34b9a5d61397d,HR Director,Thermo Fisher - APAC 3.5 서울,,retaining the top talent required for short and long- term business success. Responsibilities: Serve as HR Business Partner...
https://kr.indeed.com/viewjob?jk=6c01ae3fd0de2f1c,Search Ads Client Partner,Apple 서울,,strong business pipeline. - Develop a strategy for long- term success across your portfolio of clients & prospects. - Act...
https://kr.indeed.com/viewjob?jk=ebc6351e789043ce,Campaign Operations Manager,Netflix 서울,,pre-empt and solve for long- term solutions whilst being able to pivot... flexible on short- term needs. Lead and manage...
https://kr.indeed.com/viewjob?jk=7995202d36a8f0af,Selling Partner Support Associate,Amazon Services Korea LLC 서울,,Position Description: Global Seller Support Associate (Fixed- term) Your main responsibility is handling sellers’ inquiries...
https://kr.indeed.com/viewjob?jk=99bd752a01e818d2,Intern - Environment Affairs,United Nations ESCAP 인천,,commission of any... acts. The term “sexual exploitation” means any actual... conditions. The term “sexual harassment...
https://kr.indeed.com/viewjob?jk=a0f2e58d9c98bf7d,tbs eFM part time job opening announceme...,서울특별시 5.0 대한민국,,Openings Contract Term (Hours) Hiring... eFM radio broadcast programs... term of contract may be subject to renewal up...
https://kr.indeed.com/viewjob?jk=461c1ea7f1321e6b,Administrator Planning & Orders,bioMerieux 서울,,"choosing to join an innovative company... long term vision, committed... service of public health and carried out..."
https://kr.indeed.com/viewjob?jk=7f6294ccc7c7ed78,Respiratory TAP,AstraZeneca 서울,,area is preferred. Essential Qualification Interest in a long- term career... pharmaceutical industry Fluency in English...
https://kr.indeed.com/viewjob?jk=812eb77371b11aa7,"Assistant Category Manager, Floor Care",Dyson 서울,,our vision and objectives in short term and long term. Work with Category Manger... work to maximise long term profitability...
https://kr.indeed.com/viewjob?jk=0df992fec822e8a7,KR_HP_Medical_Non Intervetional Study Sp...,Boehringer Ingelheim 4.1 대한민국,,"humans and animals... family owned company, we focus on long term performance. We are powered by 50,000 employees globally..."
https://kr.indeed.com/viewjob?jk=7928fabe7645d268,Reefer Sales Representative,Maersk 서울,,"strong result orientation. • Being able to having a long term and helicopter view. • Being a strong network team builder, an..."
https://kr.indeed.com/viewjob?jk=b3ef051bf8ebd507,Senior Research Executive,KANTAR 3.7 서울,,strengths and motivations and what this means... medium term career planning. Maintain succession plans... team...
https://kr.indeed.com/viewjob?jk=7402942e265d5981,G&C Specialist,Diageo 4.0 대한민국,,Fixed- term Contract (7 months) OVERVIEW... fixed term temporary... Fixed Term Contract (Fixed Term) Primary...
https://kr.indeed.com/viewjob?jk=102e37391498b155,Regulatory Affairs Specialist,GSK 4.2 서울,,Excellence Meeting. 2. Establishment of short & long term detailed registration plan and follow up to meet the expected...
https://kr.indeed.com/viewjob?jk=841b209551b8cbf0,Strategic Alliance Leader,Ciena 서울,,"Ciena? Develop and holistically manage a complex, long- term, multi-dimensional relationship with key strategic alliance..."
https://kr.indeed.com/viewjob?jk=8aa6a21deaf322e2,Green Climate Fund Internship Program,The Green Climate Fund (GCF) 인천,,replenishment; • Develop... have endorsed the long- term resource mobilization plan; • Submit policy for contributions...
https://kr.indeed.com/viewjob?jk=7908bd983e6ad8b0,BALENCIAGA Sales Associate,Groupe Kering 서울 +1 지역,,지원 기재 내용이 허위로 판명될 경우 합격 및 입사 취소 Job Type Fixed Term (Fixed Term) Start Date 2020-01-25 Schedule Full time Organization...
https://kr.indeed.com/viewjob?jk=19ec0e2fc12486ff,TPE Specialist,Korean Chemical Company 대한민국,,time position. Only consultation... asked. The contract term... 1 year. Candidates... only asked to stay...
https://kr.indeed.com/viewjob?jk=c6b3ccd2978a7d4b,3DEXCITE Sales Expert,Dassault Systèmes 4.1 서울,,"Brand promises to get customer commitment on a long- term business transformation... Brand Sales Manager (COE), you..."
https://kr.indeed.com/viewjob?jk=b69f0620725ec5a3,HRBP for EL Business,ABB 4.0 서울,,Participating... definition of long- term business objectives and defines... support long- term objectives. Overseeing...
https://kr.indeed.com/viewjob?jk=bacb1cda828f2483,"Business Development Manager, Korea",World First Asia 서울,,"answer in a short- term view, you keep... sales Have experience in winning long- term contracts with ongoing negotiations..."
https://kr.indeed.com/viewjob?jk=95487b9c3cb35f7d,Application Specialist,Elekta 경기도 성남,,"Conferences (as required), to maximize Users perceptions of long- term continuity and reliability of Elekta Maintain knowledge..."
https://kr.indeed.com/viewjob?jk=c119debea1bf6045,[Vision] Sales Operation Admin,Johnson & Johnson Family of Companies 4.2 서울,,2. 계열사: 존슨앤드존슨 비젼 (Vision) 3. 근무지: 서울시 용산구 4. 근무 기간:Fixed Term [Responsibilities] 1) Sales data/report update 2) Revenue...
https://kr.indeed.com/viewjob?jk=f98d4971ab4e96aa,자동차부품사(HKMC 1차 협력사) 재무기획,커리어셀파 경기도,,"회계 전문가 - 사업부별/품목별 표준원가계산 및 사후원가 분석 가능자 - 월별 손익분석 및 Short- Term, Long- Term 사업계획수립 가능자 - 재무회계에 대한 지식보유자 - 커리어셀파 이창성 수석 010-4228..."
https://kr.indeed.com/viewjob?jk=f7a0358867aed35f,2020 APAC Graduate Programme - Client Se...,BNP Paribas 3.9 서울,,"background checking for authorized signatories. - Corporate Term deposit booking, deposit status monitoring and reporting..."
https://kr.indeed.com/viewjob?jk=06b8be261e931e90,Korean OEM Manager,DSM 서울,,about our value proposal Manage both short term sales and mid-long term pipelne funnel. Coordinate and optimize at account...
https://kr.indeed.com/viewjob?jk=b729e72776fe91a1,Clinilcal Mdx_Product Specialist,bioMerieux 서울,,"choosing to join an innovative company... long term vision, committed... service of public health and carried out..."
https://kr.indeed.com/viewjob?jk=a2784826b854490f,"Business Development Manager, Electronic...",H.B. Fuller 서울,,"market trends, uncovering unmet needs, building short & long term business plans... leading the execution... business..."
https://kr.indeed.com/viewjob?jk=484c2fb8541a6199,VP Sales - Korea,Efficient Power Conversion 서울,,develop long- term relationships... role Excellent balance of long term and short- term focus Proficiency in Microsoft...
https://kr.indeed.com/viewjob?jk=7b51ea1e702b590c,SECURITY SPECIALIST,US Department of the Air Force 4.5 대한민국,,"Current Federal Civilian employees may apply for temporary and term positions... selected, a break in service of more..."
https://kr.indeed.com/viewjob?jk=d4a1582eefddd63c,"Manager, Account",CommScope 서울,,identifying and qualifying long- term and short- term business opportunities... long- term and short- term business...
https://kr.indeed.com/viewjob?jk=25508bf8738adc41,Regional Sales Director,CrowdStrike 대한민국,,development and customer satisfaction. Establish short- term and long- term goals and quotas in line with corporate objectives...
https://kr.indeed.com/viewjob?jk=41c06ef5cd40d6e5,e-commerce Sales ‏ (Beauty Care),Henkel 서울,,future together with us. YOUR ROLE Build a long & short- term strategies for overall e-commerce business and responsible key...
https://kr.indeed.com/viewjob?jk=2036945bbf810126,KR_HP_Medicine_Medical Scientific Liaiso...,Boehringer Ingelheim 4.1 대한민국,,"humans and animals... family owned company, we focus on long term performance. We are powered by 50,000 employees globally..."
https://kr.indeed.com/viewjob?jk=10e7532446eae30c,Financial Service Representative (2-year...,바이엘 코리아 서울 동작구,,"responsibilities] - Analyze, provide guidance and implement credit term (limit) by customer. - Efficiently clarify and solve..."
https://kr.indeed.com/viewjob?jk=1d4467b4008a3076,tbs eFM Radio(101.3㎒) Part-time Job Open...,서울특별시 5.0 대한민국,,Openings Contract Term (Hours) Hiring... eFM radio broadcast programs... term of contract may be subject to renewal up...
https://kr.indeed.com/viewjob?jk=97c64bdcd8383421,KERING Treasury Accountant,Groupe Kering 서울,,communicate with people at all levels. Job Type Fixed Term (Fixed Term) Start Date 2019-12-16 Schedule Full time...
https://kr.indeed.com/viewjob?jk=9d1220313d82dbe0,"Manager, Korean Originals",Netflix 서울,,"creative team to develop projects and assess for long- term viability Work with Finance, Legal, Business Affairs, Product..."
https://kr.indeed.com/viewjob?jk=1f00c6084b769af3,"Accounting Executive, 12 months contract",Macquarie Group Limited 서울,,"unbroken profitability. Job no: FMG-952026 Work type: Fixed term Location: Seoul Category: Mid-level, Accounting & Finance..."
https://kr.indeed.com/viewjob?jk=d4958c65282fbe51,Recruiter - AWS Korea,Amazon Web Services Korea LLC 서울,,"pay only for what they use... up-front expenses or long- term commitments, making AWS the most cost-effective, flexible..."
https://kr.indeed.com/viewjob?jk=ee98f947cf065527,KR_HP_Medical_Non Interventional Study S...,Boehringer Ingelheim 4.1 대한민국,,"humans and animals... family owned company, we focus on long term performance. We are powered by 50,000 employees globally..."
https://kr.indeed.com/viewjob?jk=ebef1ebf3a58f219,"Rep, Sales",Baxter International 3.9 서울,,"understanding... marketplace is maintained. Develop long term plans including segmentation of customer base, strategic..."
https://kr.indeed.com/viewjob?jk=f6e83a33c664f6af,[Janssen] Decommissioning scheduler,Johnson & Johnson Family of Companies 4.2 경기도 화성,,2. 계열사: 한국얀센 (Janssen) 3. 근무지: 경기도 화성시 4. 근무 기간: Fixed Term 1년 [Summary] Responsibility about support for planning...
https://kr.indeed.com/viewjob?jk=825e4347e9c62b10,"Global Account Executive, Automotive (En...",Google 4.3 서울,,agency counterparts... able to build and carry out long- term digital strategies and optimize... advertising...
https://kr.indeed.com/viewjob?jk=c71093bd4a2fdd77,Consumption-based-IT Hunter Sales,Hewlett Packard Enterprise 3.8 서울,,트너사 교육 및 적합한 파트너사 발굴 및 디벨롭 파트너사와 고객 방문 및 지원 등의 협업 업무 Develops long term sales pipeline to increase the company's market share...
https://kr.indeed.com/viewjob?jk=75a11a131ca8d9d8,Intern - Public Information,United Nations ESCAP 인천,,"short, medium and long term as well... commission of any... acts. The term “sexual exploitation” means any actual..."
https://kr.indeed.com/viewjob?jk=b728042692458312,Territory Account Manager,Adobe 서울,,teammate capable of balancing pressing short term deliverables with sophisticated long term goals and objectives Experienced...
https://kr.indeed.com/viewjob?jk=31de5925367e3c10,District Representative,Ecolab 서울,,"Opportunity... long term, advancing... assigned customers to promote long- term business relationships with Nalco Water..."
https://kr.indeed.com/viewjob?jk=16b7decd81430895,Enterprise Architect,Dell 4.0 서울,,challenges traditional customer thinking to sell a long- term vision as opposed to pointed solutions. EA should be able...
https://kr.indeed.com/viewjob?jk=3b77f72d59854947,Public Affairs Specialist (Web Content M...,US Department of the Army 4.3 대한민국,,dtic.mil/whs/directives/corres/pdf/140025v1230.pdf. Term employment is subject to a one year trial period. Qualifications Who...
https://kr.indeed.com/viewjob?jk=f06e76e5466897ac,"GWS, Receptionist & Facilities Coordinat...",CBRE 경기도 성남,,"Fluent in English and desire to work... long- term • Knowledge of basic financial terms, concepts and accounting..."
https://kr.indeed.com/viewjob?jk=6f81ddd8dfac6d38,KERING HR & Administration Assistant,Groupe Kering 서울,,list Group- term life insurance update... required Job Type Fixed Term (Fixed Term) Start Date 2019-11-06 Schedule Full...
https://kr.indeed.com/viewjob?jk=62edb84650d18d38,KR_HP_Multi Channel Excellence Specialis...,Boehringer Ingelheim 4.1 대한민국,,"humans and animals... family owned company, we focus on long term performance. We are powered by 50,000 employees globally..."
https://kr.indeed.com/viewjob?jk=bd9732912c1fa72f,Off-cycle Intern (April,Macquarie Group Limited 서울,,"unbroken profitability. Job no: MacCap-952810 Work type: Fixed term Location: Seoul Category: Junior, Corporate Finance / M..."
https://kr.indeed.com/viewjob?jk=617008b622e843de,Sales Associate,Michael Kors 대한민국,,"maintain a long term relationship... skills and ability to maintain long- term with clients and community, understand..."
https://kr.indeed.com/viewjob?jk=c69ca3117feef088,MFLC Adult Counseling – Tiered Counselor...,"Strategic Resources, Inc. 대한민국",,greatest assets... single greatest factor in our long- term growth and success... our employees. When you join SRI...
https://kr.indeed.com/viewjob?jk=02131318c2697c5d,韩国市场营销岗,UnionPay International 대한민국,,local strategic marketing goals and deliver both long- term and short- term outcomes to meet the goals.• Deliver the best...
https://kr.indeed.com/viewjob?jk=5df34b9a5d61397d,HR Director,Thermo Fisher - APAC 3.5 서울,,retaining the top talent required for short and long- term business success. Responsibilities: Serve as HR Business Partner...
https://kr.indeed.com/viewjob?jk=2d09b449fffe75d6,Brand Creative Narrative Manager,Nike 4.1 서울,,Partner with Nike marketing leadership to craft the long- term strategic vision. * Oversee and communicate the financial...
https://kr.indeed.com/viewjob?jk=7feeabd833ae8fdb,IND Specialist (1 year Contract),GSK 4.2 서울,,strategy with stakeholders. Establishment of short & long term detailed CTA(Clinical Trial Application) registration plan...
https://kr.indeed.com/viewjob?jk=2615f45e6f912c05,"Customer Solutions Engineer, Global Clie...",Google 4.3 서울,,customers attain... business goals while building long- term capabilities... Global Client and Agency Solutions (GCAS...
https://kr.indeed.com/viewjob?jk=655382a4c7e96ebb,Store Supervisor,Michael Kors 대한민국,,"maintain a long term relationship... skills and ability to maintain long- term with clients and community, understand..."
https://kr.indeed.com/viewjob?jk=3fd532dea1ab5697,Korea Internship Programme,Tech Expozed International 서울,,"performance, and manage all accounts efficiently. Technology: Term Explorer, SEMrush, Yoast Wordpress Plugin, MOZ SEO..."
https://kr.indeed.com/viewjob?jk=0dee741c27198190,Investment Analyst,World Bank Group 서울,,Job #: req6456 Organization: IFC Sector: Investment Grade: GE Term Duration: 2 years Recruitment Type: Local Recruitment Location...
https://kr.indeed.com/viewjob?jk=35b8f44a32b914e5,Supervisory Intelligence Specialist (Sta...,US Department of the Army 4.3 대한민국,,"8th Army, USFK Pacific (USARPAC) in support of long ? term theater intelligence or operational goals... lead intelligence..."
https://kr.indeed.com/viewjob?jk=b183db9d88b80b9e,Development/Fundraising (Advisory Board...,Ignite Mental Health 서울,,call. Advisory Board term & time commitment Advisory Board Members serve a 6 month to 1 year term... eligible for re...
https://kr.indeed.com/viewjob?jk=25768b0997e2c881,TEAM ASSISTANT,United Nations 인천,,commission of any... acts. The term “sexual exploitation” means any actual... conditions. The term “sexual harassment...
https://kr.indeed.com/viewjob?jk=c9afa76f78a566e0,Deutsche Bank Corporate Bank: Corporate...,Deutsche Bank 3.9 서울,,"heavily in digital technologies, prioritizing long term success over short- term gains, and serving society with ambition..."
https://kr.indeed.com/viewjob?jk=5f5d6f9fab4fda7e,"Sales Manager, Genetic Sciences & Clinical NGS Division (GSD...",Thermo Fisher - APAC 3.5 서울,,team leadership. Take lead to develop creative long- term and short- term sales strategies. Demonstrate strong analytical...
https://kr.indeed.com/viewjob?jk=1102d7f4c7e4003e,Customer Support Representative (Bilingu...,Uber 서울,,Contribute to building the team... organization for long term success Willingness to work in shifts (rotating day/night...
https://kr.indeed.com/viewjob?jk=da8642d8405a905f,"Head of Partnerships Solutions, Korea (K...",Google 4.3 서울,,"through monetization solutions, to helping our long- term partners anticipate and navigate change in a way that delivers..."
https://kr.indeed.com/viewjob?jk=c421c0da1d00445f,Office Administrator Seoul,IAR Systems 서울,,most important players... market will create long- term customer value... unique market position. Our Culture Equal...
https://kr.indeed.com/viewjob?jk=3cd853405c48784d,CIB - Sales and Marketing - DCM Sales –...,JPMorgan Chase & Co-PL 서울,,Job Description Who We... JPMorgan Chase & Co. (NYSE: JPM... leading global financial services firm with assets of $2...
https://kr.indeed.com/viewjob?jk=1827c3dc8a0d98e6,SAINT LAURENT Sales Associate,Groupe Kering 경기도,,from all qualified candidates. Job Type Fixed Term (Fixed Term) Start Date 2020-01-22 Schedule Full time Organization...
https://kr.indeed.com/viewjob?jk=2683556f32f3f5ac,Legal Officer,United Nations 서울,,commission of any... acts. The term “sexual exploitation” means any actual... conditions. The term “sexual harassment...
https://kr.indeed.com/viewjob?jk=2f6d6fcbcd3f4723,Game Economy Manager-게임업체,에이치알컨설팅그룹 서울 강남구,,"game experience Design new features that improve long- term player satisfaction, and provide more monetization opportunities..."
https://kr.indeed.com/viewjob?jk=45c7832e91431119,CIB Tech - People with Disabilities (PwD...,JP Morgan Chase 서울,,Who We Are JPMorgan Chase & Co. (NYSE: JPM... leading global financial services firm with assets of $2.7 trillion...
https://kr.indeed.com/viewjob?jk=b858fef6603dfa0c,MRC OPAS Product Manager,Amazon Web Services Korea LLC 서울,,intelligence and machine learning · Experience executing long term strategic roadmaps and handle demanding priorities...
https://kr.indeed.com/viewjob?jk=1a89df1d742c64dc,Systems Administrator,ManTech International Corporation 대한민국,,"activities, and evaluates... work. · Ensures long- term requirements of systems operations and administration are included..."
https://kr.indeed.com/viewjob?jk=d3fa7a1f6d407726,Intern - Economic Affairs,United Nations ESCAP 인천,,commission of any... acts. The term “sexual exploitation” means any actual... conditions. The term “sexual harassment...
https://kr.indeed.com/viewjob?jk=a9b9a05cef496906,Operations Support Specialist,JANUS Research Group 경기도 평택,,Program 10 Paid Holidays Paid Time Off (PTO) Short- Term and Long- Term Disability Basic and Voluntary Life Insurance Education...
https://kr.indeed.com/viewjob?jk=499cd0a2daa35b49,Analyst - IEG Green Energy - Macquarie C...,Macquarie Group Limited 서울,,"profitability. Job no: MacCap-952809 Work type: Maximum term Location: Seoul Category: Mid-level, Corporate Finance / M..."
https://kr.indeed.com/viewjob?jk=b350146f789be998,Customer Service Rep,Sensata Technologies 경기도,,analyze short- term forecast and order... account feedback... relates to short term line loading. - Bachelor’s degree...
https://kr.indeed.com/viewjob?jk=f2caf702e32a38a5,Store Visual Merchandiser / Activity Co-...,IKEA 3.9 서울,,initiatives... grow the business and support long- term profitability and execute the agreed plans in close co...
https://kr.indeed.com/viewjob?jk=0997702524a63bf0,Off Cycle Intern (Feb 2020),Macquarie Group Limited 서울,,"commodities. Job no: INT-952013 Work type: Fixed term Location: Seoul Category: Junior, Capital Markets, Commodities..."
https://kr.indeed.com/viewjob?jk=b1e3346a2b0f36c3,Multi-Channel Excellence Specialist,Boehringer Ingelheim 4.1 대한민국,,"humans and animals... family owned company, we focus on long term performance. We are powered by 50,000 employees globally..."
https://kr.indeed.com/viewjob?jk=a47c267e66785eb2,MFLC Child and Youth Behavioral (CYB) Co...,"Strategic Resources, Inc. 대한민국",,greatest assets... single greatest factor in our long- term growth and success... our employees. When you join SRI...
https://kr.indeed.com/viewjob?jk=876e857fa0649889,Corporate English Trainer,SPEP 서울,"월급 3,500,000원","SPEP Apgujeong Center, Seoul) · Short- term contract can be discussed (six month... Center, Seoul) · Short- term contract can..."
https://kr.indeed.com/viewjob?jk=9046f86eafd667b9,Sr HR Supervisor,OWENS CORNING 대한민국,,"promotions and external recruitment to satisfy near- term performance, longer- term succession needs... insure plant has..."
https://kr.indeed.com/viewjob?jk=56c015e7c0261433,KERING Retail IT Operations Specialist,Groupe Kering 서울,,Project management qualification is a plus Job Type Fixed Term (Fixed Term) Start Date 2019-11-12 Schedule Full time...
https://kr.indeed.com/viewjob?jk=d43c5957c41473ae,Marketing Coordinator,Harman International 서울,,What You Will Do Establishing and executing an long/short- term online / offline marketing plan based on ROI achievement...
https://kr.indeed.com/viewjob?jk=8a76d228b1930cde,VTC Coordinator,JANUS Research Group 경기도 평택,,Program 10 Paid Holidays Paid Time Off (PTO) Short- Term and Long- Term Disability Basic and Voluntary Life Insurance Education...
https://kr.indeed.com/viewjob?jk=defa619f4758b10b,Oncology MR (Busan),AstraZeneca 부산광역시,,needs and external environment. Typically establish long- term relationships with key customers. Typical Accountabilities...
https://kr.indeed.com/viewjob?jk=fde7d6af35e417e3,Secretary,Arup 서울,,"Profit Share scheme, additional fringe benefits and long- term career development opportunities. Personal data collected..."
https://kr.indeed.com/viewjob?jk=1b50bc457222fdb9,Legal Officer,United Nations ESCAP 서울,,commission of any... acts. The term “sexual exploitation” means any actual... conditions. The term “sexual harassment...
https://kr.indeed.com/viewjob?jk=8676e743601b89ea,Job Opening for Junior Program Officer,서울특별시 5.0 대한민국,,term may be extended based... results of an annual assessment... needs... organization... contract term...
https://kr.indeed.com/viewjob?jk=4b12bb65f7c008bf,BUM-Acute,Baxter International 3.9 서울,,"Acute Business... achievement of short and long- term strategic business objectives, increase profit and market position..."
https://kr.indeed.com/viewjob?jk=0579c1157ba1aa7b,[해외취업] 메릴랜드 소재 식품 전문회사 IT Intern 직무,지아이씨월드와이드 (구 글로벌인턴쉽컨설팅) 대한민국,"연봉 37,000,000원",communication skills - Ability to work overtime and long- term business trip 그 외 자격요건 관련 전공자 모집공고 URL https... worldjob...
https://kr.indeed.com/viewjob?jk=63cc6ac3817c0578,Junior HR BP,ASML 대한민국,,challenges and HR strategies • Develop/Implement short- term and long- term people plan to support business growth/risk...
https://kr.indeed.com/viewjob?jk=e58c781370d86cac,제빵 기계 및 설비 제조업체 영업직(Sales Manager),유한회사 노박앤드파트너 경기도,,implement appropriate short/long- term sales strategies... geared toward... productive long- term relationships...
https://kr.indeed.com/viewjob?jk=5765c26765e0d091,Sales Coordinator,AESOP Corporate 서울,,title: Sales Coordinator Employment type: 1 year fixed term Compensation: TBD Location: Aesop Korea Head Office Job...
https://kr.indeed.com/viewjob?jk=a4aa6961fa6027f2,"Engagement Manager, gTech",Google 4.3 서울,,"customers attain... business goals while building long- term capabilities. As an Engagement Manager (EM), you'll help..."
https://kr.indeed.com/viewjob?jk=558b69fe7d9db97e,Intern (February – August 2020),Macquarie Group Limited 서울,,"unbroken profitability. Job no: FMG-949634 Work type: Fixed term Location: Seoul Category: Junior, Accounting & Finance..."
https://kr.indeed.com/viewjob?jk=5f5d6f9fab4fda7e,"Sales Manager, Genetic Sciences & Clinical NGS Division (GSD...",Thermo Fisher - APAC 3.5 서울,,team leadership. Take lead to develop creative long- term and short- term sales strategies. Demonstrate strong analytical...
https://kr.indeed.com/viewjob?jk=fcb96f5929ecb41a,"Digital Transformation Consultant, Solut...",Salesforce 서울,,"set to analyze, structure, negotiate and close, long- term contracts with clients and partners. The Digital Transformation..."
https://kr.indeed.com/viewjob?jk=5cf89fe03903237c,외국계 FMCG 회사 - FP&A (과~차장급 CPA 경력자),패러다임HR컴퍼니 대한민국,,CAPEX 업무쪽을 담당할 분을 찾고 있습니다. - Establishing corporate mid-long term Cash flow plans with key strategies and growth plans - Core...
https://kr.indeed.com/viewjob?jk=9341658258ed7536,ISV Success Manager,Amazon Web Services Korea LLC 서울,,"Sell... GTM activities and create/ maintain a long- term, scalable joint GTM model that drives partner and customer..."
https://kr.indeed.com/viewjob?jk=8aa3a96712f64cc8,"Business Development Manager, FSI - Amaz...",Amazon Web Services Korea LLC 서울,,order to build long- term business... customers. · Contribute to develop long- term partnerships in support... AWS key...
https://kr.indeed.com/viewjob?jk=1a6569e1e518b8e8,"Head of Startup Segment Sales, Korea",Amazon Web Services Korea LLC 서울,,pipeline. · Manage contract negotiations. · Develop long- term strategic relationships with key accounts. · Ensure customer...
https://kr.indeed.com/viewjob?jk=fd12362088767d39,Public Sector Account Executive - AWS Ko...,Amazon Web Services Korea LLC 서울,,prospects in order to build long- term business opportunity. You’ll also work... Develop long- term strategic partnerships...
https://kr.indeed.com/viewjob?jk=7f208c36928093e7,"Strategic Partnership Manager, Channel S...",Google 4.3 서울,,expectations and strengthen our long- term partner relationships. We help grow... over the long term. You'll work...
https://kr.indeed.com/viewjob?jk=e61f9fb723c705b2,Enterprise Business Development Manager...,Amazon Web Services Korea LLC 서울,,"Develop long- term strategic partnerships... new customers. · Able to generate long- term, mega opportunity generation with AM..."
https://kr.indeed.com/viewjob?jk=d724d7b132b1de66,"Account Manager, Samsung - Amazon Web Se...",Amazon Web Services Korea LLC 서울,,Manage and support customer interactions · Develop long- term strategic relationships with key accounts. · Ensure customer...
https://kr.indeed.com/viewjob?jk=37da5b148b2d3ef4,Senior Data Scientist - AWS Professional...,Amazon Web Services Korea LLC 서울,,"doing analysis, discovering root causes, and designing long- term solutions... person who likes to have fun, loves..."
https://kr.indeed.com/viewjob?jk=73dea8a71f3447b3,2020 Summer School - AL Korea,Air Liquide 서울,,consistent performances and responsibility over the long term. Entity and activity description Air Liquide Korea has...
https://kr.indeed.com/viewjob?jk=cf1ccb7b8a704d2f,Senior Systems Engineer (VMWare SD-WAN),Dell 4.0 서울,,recurring revenue and hit the sales objectives Foster long- term relationship with customers and our internal teams Listen...
https://kr.indeed.com/viewjob?jk=c91034f16aa4c66c,"[해외취업] Qatar, BROOQ PETROCHEMICAL COMPAN...",BROOQ PETROCHEMICAL COMPANY 대한민국,,ensure... effectively allocated to meet short- and long- term objectives Make recommendations regarding staffing...
https://kr.indeed.com/viewjob?jk=1881fccad3984abe,Director of Operations,Hilton Hotels & Resorts 4.0 부산,,"meaningful, achievable hotel budgets and other short and long term hotel strategic goals Provide effective leadership..."
https://kr.indeed.com/viewjob?jk=10c8aff73e19291b,[Travel and Teach in Korea!] Hiring Summ...,One-Stop Prep 서울 신사동,,provided after successful completion of contracted term. [Housing Support] Company will provide housing stipend...
https://kr.indeed.com/viewjob?jk=18a332714b6e4332,"Senior Manager, Asia Pacific Commercial...",Johnson & Johnson Family of Companies 4.2 대한민국,,models into our capability building programs... near term... multifaceted area you will help to transform our omni...
https://kr.indeed.com/viewjob?jk=a49794359bd632d7,Regional Licensing Manager,"GTC Technology US, LLC 서울",,"new business for Sulzer GTC technology sales, building long- term customer relationships, providing technical solutions..."
https://kr.indeed.com/viewjob?jk=11830686517070fd,VMD,하본인터내셔널 고양 덕양구,,"closeby, able to start immediately... able to work long- term. 제출서류 -이력서 (Resume) -사진 (Photo) -자기소개서 (Introduction) -주민..."
https://kr.indeed.com/viewjob?jk=005f403af1bb1a30,"Agency Team Manager, Google Customer Sol...",Google 4.3 서울,,stakeholders. Build and actively manage effective long- term agency planning process. Help develop necessary infrastructure...
https://kr.indeed.com/viewjob?jk=76e0bf2282e3b861,외국계은행KYC담당자 채용,은행 서울 중구,,communication skill (speaking and writing) ? Job Type :?Fixed Term Job :?OPERATION PROCESSING Education Level:?Bachelor...
https://kr.indeed.com/viewjob?jk=ea0c2fd84510e26c,Sales Engineer and Area Manager for Kore...,Opto Engineering 서울,,등) 사이의 인터페이스 역할 Your responsibilities: build and develop long- term relationships with customers within a defined sales area...
https://kr.indeed.com/viewjob?jk=5df34b9a5d61397d,HR Director,Thermo Fisher - APAC 3.5 서울,,retaining the top talent required for short and long- term business success. Responsibilities: Serve as HR Business Partner...
https://kr.indeed.com/viewjob?jk=f35c46a803d8d72d,게임 이코노미 / Game Economy,Bagelcode 서울,,"Design new features that improve long- term player satisfaction, and provide more monetization opportunities..."
https://kr.indeed.com/viewjob?jk=eb7cdde2f9272a6e,Account Manager (South Korea),EMX 서울,,proactive Account Manager to acquire and develop long- term relationships with clients and customers in South Korea...
https://kr.indeed.com/viewjob?jk=424144a5501748e2,"Marketing Data Scientist, Google Profess...",Google 4.3 서울,,"customers attain... business goals while building long- term capabilities... Marketing Data Scientist, you'll work..."
https://kr.indeed.com/viewjob?jk=96192a6756aba465,Media Business Development Manager - Ama...,Amazon Web Services Korea LLC 서울,,order to build long- term business... customers. · Contribute to develop long- term partnerships in support... AWS key...
https://kr.indeed.com/viewjob?jk=281acfebb60e32d6,"[해외취업] 카타르, Qatar National Bank, Special...",Qatar National Bank 대한민국,,difficulty 주요업무내용 Assist the Head of GFS & MIS to create long- term financial strategies to maximize shareholder value whilst...
https://kr.indeed.com/viewjob?jk=794fe3ad7c24ccb9,INTERN - PROGRAMME MANAGEMENT [Temporary...,United Nations 인천,,commission of any... acts. The term “sexual exploitation” means any actual... conditions. The term “sexual harassment...
https://kr.indeed.com/viewjob?jk=7f696e216b35ff47,[Ralph Lauren Korea] E-Commerce Mgr,Ralph Lauren 서울,,Operate with honesty and integrity fostering quality long- term relationships between our external stakeholders and our...
https://kr.indeed.com/viewjob?jk=b158fe73414fe1ce,"Technical Sales Specialist (Cell Culture & Cell Therapy), BP...",Thermo Fisher - APAC 3.5 서울,,opportunities for near- term revenue gains... portfolio to build a foundation for long term growth. Drives existing funnel...
https://kr.indeed.com/viewjob?jk=a905a5f0afee7ba4,Legal Director,Aquis Search 서울,,people Matured personality; strong professionalism and long- term view towards career development Fluent in English and Korean...
https://kr.indeed.com/viewjob?jk=d10c9120ff8602d5,"[해외취업] Qatar, BROOQ PETROCHEMICAL COMPAN...",BROOQ PETROCHEMICAL COMPANY 대한민국,,ensure... effectively allocated to meet short- and long- term objectives Make recommendations regarding staffing...
https://kr.indeed.com/viewjob?jk=f50fae024590f8b8,"Technical Solutions Specialist, Data Cen...",Cisco Systems 4.1 서울,,within Cisco - Focusing on contributing... long- term success of Cisco through the sharing of standard methodologies...
https://kr.indeed.com/viewjob?jk=5c6723a17ad467f6,Solutions Architect - Amazon Connect,Amazon Web Services Korea LLC 서울,,"multiple components, channels and vendors, managing long term commitments and very complex pricing models, and scaling based..."
https://kr.indeed.com/viewjob?jk=96419976d6c4786e,"Cross-Google Partner Manager, Partnershi...",Google 4.3 서울,,"through monetization solutions, to helping our long- term partners anticipate and navigate change in a way that delivers..."
https://kr.indeed.com/viewjob?jk=20a822df1bdc4c14,Service Sales Specialist,ABB 4.0 충청남도 천안,,units or external customer. Build long term customer relationships and ensure... Establishing long term customer...
https://kr.indeed.com/viewjob?jk=c1a00f45f6962c63,EPC Sales Specialist - Oil / Gas industr...,ABB 4.0 서울,,designated market in accordance with strategy. Build long term customer relationships and manage resolution to specific...
https://kr.indeed.com/viewjob?jk=6a4209c1a191cbad,INTERN - SCIENCE AND TECHNOLOGY [Tempora...,United Nations 인천,,commission of any... acts. The term “sexual exploitation” means any actual... conditions. The term “sexual harassment...
https://kr.indeed.com/viewjob?jk=9dd199c5e1c747c3,Intern - Graphic Design,United Nations ESCAP 인천,,commission of any... acts. The term “sexual exploitation” means any actual... conditions. The term “sexual harassment...
https://kr.indeed.com/viewjob?jk=d3a3716206dc6a09,Senior Solution Engineer,Dell 4.0 서울,,"Long term partnerships of employees, customers, partners and anyone else is built on trust and integrity. Short term gains..."
https://kr.indeed.com/viewjob?jk=14ec0f1dc0c04c65,[해외취업] 매릴랜드 식품유통회사 네트워크 관리 인턴,휴니언 대한민국,"연봉 35,000,000원 - 37,000,000원",communication skills - Ability to work overtime and long- term business trip * 기본적으로 IT서포트 업무이며 Programming 또는 Web Design 가능하면...
https://kr.indeed.com/viewjob?jk=c9333cde93a1ad2a,IND_PA&I_Tender Engineer_APAC,Schneider Electric 서울,,improve work productivity & efficiency. Being a frontline in term of liaising with EPC... EndUser for clarification...
https://kr.indeed.com/viewjob?jk=c5b4a747e92c30b1,Lead Project Manager - Turbomachinery &...,Baker Hughes 4.0 부산,,knowledge Project Management Certification Contractual Term and Conditions knowledge People... key part of our success...
https://kr.indeed.com/viewjob?jk=707dd48b81cdd5e8,OTC Marketing Manager,Sanofi 4.1 서울,,profitability targets. Guide the direction of short- and long- term brand plan development. Derive clear and compelling...
https://kr.indeed.com/viewjob?jk=282351baf09952dd,"Account Executive, End User Compute",Amazon Web Services Korea LLC 서울,,referrals and references accounts by building long- term strategic relationships with key accounts. · Manage and maintain...
https://kr.indeed.com/viewjob?jk=8f185c37a8b48fdb,Head of Commercial FSI,Amazon Web Services Korea LLC 서울,,day interactions with prospects in order to build long- term business opportunity. You’ll also work closely... product...
https://kr.indeed.com/viewjob?jk=87e0d9a91ed346d6,"Account Strategist, Mid Market Sales, Go...",Google 4.3 서울,,"critical growth engine for clients in GCS. Through long- term relationship development, we are dedicated to understanding..."
https://kr.indeed.com/viewjob?jk=37eb0ff6ce152e3e,"Principal, FP&A (Marketing Finance)",Coupang 3.1 서울,,"business from finance perspectives, including annual/long- term planning to weekly/monthly/quarterly reviews, bringing total..."
https://kr.indeed.com/viewjob?jk=62d1015a6af9c93b,[Travel and Teach in Korea!] Intensive S...,One-Stop Prep 서울 신사동,,provided after successful completion of contracted term. [Housing Support] Company will provide housing stipend...
https://kr.indeed.com/viewjob?jk=b79f3a9766b3dfae,"Director, Program management (Fresh Food...",Coupang 3.1 서울,,near and long- term business strategies... risk... ability to resolve long term problems. Preferred Qualifications...
https://kr.indeed.com/viewjob?jk=142b2c568f0d2935,Business Development Manager – South Kor...,rewardStyle 서울,,"development... key focus... role, acquiring long term campaign investment from brands/retailers and optimizing..."
https://kr.indeed.com/viewjob?jk=781ff60fd8cbd662,HRIT Manager,Coupang 3.1 서울,,long and short- term strategic direction... recommend innovative and long- term solutions. * Project management skills...
